{
    "$schema": "https://schema.management.azure.com/schemas/2019-04-01/deploymentTemplate.json#",
    "contentVersion": "1.0.0.0",
    "parameters": {
      "existingVNETName": {
        "type": "String",
        "metadata": {
          "description": "Name of the VNET to add a subnet to"      }
      },
      "newSubnetName": {
        "type": "String",
        "metadata": {
          "description": "Name of the subnet to add"      
        }
      },
      "newSubnetAddressPrefix": {
        "type": "String",
        "defaultValue": "",
        "metadata": {
          "description": "Address space of the subnet to add"      
        }
      },
      "nsgId" : {
        "type" : "String",
        "defaultValue": "",
        "metadata" : {
          "description": "id of the network security group"
        }
      }
    },
    
  
    "resources": [
      {
        "type": "Microsoft.Network/virtualNetworks/subnets",
        "apiVersion": "2020-08-01",
        "name": "[format('{0}/{1}', parameters('existingVNETName'), parameters('newSubnetName'))]",
        "properties": {
          "addressPrefix": "[parameters('newSubnetAddressPrefix')]",
          "networkSecurityGroup": {
          "id": "[parameters('nsgId')]"
          },
          "serviceEndpoints": [
            {
                "service": "Microsoft.Sql",
                "locations": [
                    "*"
                ]
            },
            {
              "service": "Microsoft.Storage",
              "locations": [
                  "*"
              ]
          }
          ],
          "delegations": []
       }
      }
    ]
  }
 